<?xml version="1.0" encoding="UTF-8"?>
<project-private xmlns="http://www.netbeans.org/ns/project-private/1">
    <editor-bookmarks xmlns="http://www.netbeans.org/ns/editor-bookmarks/2" lastBookmarkId="0"/>
    <open-files xmlns="http://www.netbeans.org/ns/projectui-open-files/2">
        <group name="aa"/>
        <group>
            <file>file:/C:/Users/هلا%20سمعان/Desktop/سنة4فصل2/برمجة%20تفرعية/عملي/6/src/javaapplication52/MainClass.java</file>
        </group>
    </open-files>
</project-private>
